<?xml version="1.0" encoding="UTF-8" ?>
<module>
    <name>psgdpr</name>
    <displayName><![CDATA[RGPD Officiel ]]></displayName>
    <version><![CDATA[1.4.3]]></version>
    <description><![CDATA[Faites en sorte que votre boutique en ligne soit conforme au r&egrave;glement g&eacute;n&eacute;ral sur la protection des donn&eacute;es (RGPD).]]></description>
    <author><![CDATA[PrestaShop]]></author>
    <tab><![CDATA[administration]]></tab>
	<confirmUninstall><![CDATA[Êtes-vous sûr de vouloir désinstaller ce module?]]></confirmUninstall>
    <is_configurable>1</is_configurable>
    <need_instance>0</need_instance>
</module>