<?xml version="1.0" encoding="UTF-8" ?>
<module>
    <name>ps_mainmenu</name>
    <displayName><![CDATA[Menu principal]]></displayName>
    <version><![CDATA[2.3.4]]></version>
    <description><![CDATA[Optimisez le parcours utilisateur sur votre site, s&eacute;lectionnez le lien de votre choix et faites-en une entr&eacute;e de votre menu.]]></description>
    <author><![CDATA[PrestaShop]]></author>
    <tab><![CDATA[front_office_features]]></tab>
    <is_configurable>1</is_configurable>
    <need_instance>1</need_instance>
</module>