<?xml version="1.0" encoding="UTF-8" ?>
<module>
    <name>pagesnotfound</name>
    <displayName><![CDATA[Pages introuvables]]></displayName>
    <version><![CDATA[2.0.3]]></version>
    <description><![CDATA[Enrichissez vos statistiques en affichant les pages demand&eacute;es par vos visiteurs qui n&rsquo;ont pas &eacute;t&eacute; trouv&eacute;es.]]></description>
    <author><![CDATA[PrestaShop]]></author>
    <tab><![CDATA[administration]]></tab>
    <is_configurable>0</is_configurable>
    <need_instance>0</need_instance>
</module>