<?xml version="1.0" encoding="UTF-8" ?>
<module>
    <name>statsdata</name>
    <displayName><![CDATA[R&eacute;cup&eacute;ration des donn&eacute;es statistiques]]></displayName>
    <version><![CDATA[2.1.1]]></version>
    <description><![CDATA[Collectez le plus d&rsquo;informations possible pour enrichir vos statistiques et d&eacute;velopper votre entreprise.]]></description>
    <author><![CDATA[PrestaShop]]></author>
    <tab><![CDATA[administration]]></tab>
    <is_configurable>1</is_configurable>
    <need_instance>0</need_instance>
</module>