<?xml version="1.0" encoding="UTF-8" ?>
<module>
    <name>ps_customersignin</name>
    <displayName><![CDATA[Lien de connexion client]]></displayName>
    <version><![CDATA[2.0.5]]></version>
    <description><![CDATA[Faites en sorte que vos clients se sentent chez eux sur votre boutique en ligne : invitez-les &agrave; s&#039;inscrire !]]></description>
    <author><![CDATA[PrestaShop]]></author>
    <tab><![CDATA[front_office_features]]></tab>
    <is_configurable>0</is_configurable>
    <need_instance>0</need_instance>
</module>