<?xml version="1.0" encoding="UTF-8" ?>
<module>
    <name>smartargetfaq</name>
    <displayName><![CDATA[Smartarget Faq]]></displayName>
    <version><![CDATA[1.0.0]]></version>
    <description><![CDATA[Show faq on your website]]></description>
    <author><![CDATA[Smartarget]]></author>
    <tab><![CDATA[front_office_features]]></tab>
	<confirmUninstall><![CDATA[Are you sure you want to uninstall?]]></confirmUninstall>
    <is_configurable>1</is_configurable>
    <need_instance>0</need_instance>
</module>