<?xml version="1.0" encoding="UTF-8" ?>
<module>
    <name>ps_imageslider</name>
    <displayName><![CDATA[Carrousel]]></displayName>
    <version><![CDATA[3.1.4]]></version>
    <description><![CDATA[Ajoutez un diaporama &agrave; votre page d&rsquo;accueil pour souhaiter la bienvenue &agrave; vos visiteurs de fa&ccedil;on visuelle et attrayante.]]></description>
    <author><![CDATA[PrestaShop]]></author>
    <tab><![CDATA[front_office_features]]></tab>
    <is_configurable>1</is_configurable>
    <need_instance>0</need_instance>
</module>