<?xml version="1.0" encoding="UTF-8" ?>
<module>
    <name>ps_customtext</name>
    <displayName><![CDATA[Bloc de texte personnalis&eacute;]]></displayName>
    <version><![CDATA[4.2.1]]></version>
    <description><![CDATA[Offrez des informations suppl&eacute;mentaires &agrave; vos clients en affichant un bloc de contenu
personnalis&eacute; sur votre page d&rsquo;accueil.]]></description>
    <author><![CDATA[PrestaShop]]></author>
    <tab><![CDATA[front_office_features]]></tab>
    <is_configurable>1</is_configurable>
    <need_instance>0</need_instance>
</module>