<?xml version="1.0" encoding="UTF-8" ?>
<module>
    <name>statsregistrations</name>
    <displayName><![CDATA[Comptes clients]]></displayName>
    <version><![CDATA[2.0.1]]></version>
    <description><![CDATA[Ajoute un onglet contenant la progression des inscriptions dans le tableau de bord des statistiques.]]></description>
    <author><![CDATA[PrestaShop]]></author>
    <tab><![CDATA[analytics_stats]]></tab>
    <is_configurable>0</is_configurable>
    <need_instance>0</need_instance>
</module>