<?xml version="1.0" encoding="UTF-8" ?>
<module>
    <name>dashgoals</name>
    <displayName><![CDATA[Tableau de bord des objectifs]]></displayName>
    <version><![CDATA[2.0.4]]></version>
    <description><![CDATA[Enrichissez vos statistiques et gardez une longueur d&rsquo;avance gr&acirc;ce &agrave; une section indiquant les pr&eacute;visions de votre boutique.]]></description>
    <author><![CDATA[PrestaShop]]></author>
    <tab><![CDATA[administration]]></tab>
    <is_configurable>0</is_configurable>
    <need_instance>1</need_instance>
</module>