<?xml version="1.0" encoding="UTF-8" ?>
<module>
    <name>ps_metrics</name>
    <displayName><![CDATA[PrestaShop Metrics]]></displayName>
    <version><![CDATA[4.1.1]]></version>
    <description><![CDATA[Optimisez votre entreprise gr&acirc;ce &agrave; une approche ax&eacute;e sur les donn&eacute;es en b&eacute;n&eacute;ficiant d&#039;une vue compl&egrave;te de votre activit&eacute; en temps r&eacute;el.]]></description>
    <author><![CDATA[PrestaShop]]></author>
    <tab><![CDATA[advertising_marketing]]></tab>
	<confirmUninstall><![CDATA[Etes-vous sûr de vouloir désinstaller ce module ?]]></confirmUninstall>
    <is_configurable>1</is_configurable>
    <need_instance>0</need_instance>
</module>