<?xml version="1.0" encoding="UTF-8" ?>
<module>
    <name>statsbestsuppliers</name>
    <displayName><![CDATA[Meilleurs fournisseurs]]></displayName>
    <version><![CDATA[2.0.2]]></version>
    <description><![CDATA[Enrichissez vos statistiques en ajoutant une liste des meilleurs fournisseurs au tableau de bord.]]></description>
    <author><![CDATA[PrestaShop]]></author>
    <tab><![CDATA[administration]]></tab>
    <is_configurable>0</is_configurable>
    <need_instance>0</need_instance>
</module>